Nama,Terjual,Rating,Diskon,Cashback,Harga,Lokasi Toko
NANOMEN Celana Dalam CD Pria Karet Boxer Segitiga,Terjual 6,,,,Rp18.150,Palembang
"Lupo Boxer Brief Celana Dalam Pria 7766 - Cokelat, M",Terjual 27,4.9,,,Rp18.000,Kab. Bandung
3 PC 1 KOTAK AGREE ORIGINAL PREMIUM CELANA DALAM PRIA DEWASA CD SEMPAK,Terjual 12,4.3,,,Rp34.880,Jakarta Barat
"Lupo Boxer Brief Celana Dalam Pria 0808 - Abu Muda, L",Terjual 100+,4.7,,,Rp18.000,Kab. Bandung
CELANA DALAM PRIA GIOVANNI – CD COWOK – SEMPAK PRIA – ISI 3PCS,Terjual 7,5.0,,,Rp19.500,Kab. Sukoharjo
CELANA DALAM ANAK PEREMPUAN 3PCS CD SEMPAK PAKAIAN DALAM ANAK,Terjual 80+,5.0,,,Rp12.900,Jakarta Timur
CELANA DALAM ANAK LAKI CD ANAK laki laki sempak anak laki MURAH ECER,Terjual 29,4.9,2%,,Rp4.899,Kab. Kediri
Celana Dalam Anak / Sempak Anak Laki - Laki / Celana Dalam Anak Murah,Terjual 500+,4.8,,,Rp8.000,Jakarta Selatan
Murah Cd Celana Dalam Anak Laki Laki Spiderman Sempak Anak Laki Laki,,,,,Rp38.500,Jakarta Barat
Rep catcher costum base sempak/connector ANCHOR STO Tamiya,Terjual 50+,5.0,,,Rp7.500,Jakarta Barat
12 Cd anak celana dalam anak celana dalem anak sempak anak laki laki,Terjual 250+,4.8,2%,,Rp4.899,Kab. Kediri
Rep Tamiya HG Carbon 95387 Sempak Anchor Block Weight Plate,Terjual 4,5.0,,,Rp17.500,Jakarta Selatan
AGREE KIDS AK020 - 3pcs Sempak / Celana Dalam Anak Laki-Laki Karakter,Terjual 100+,4.9,,Cashback 2%,Rp25.000,Bandung
CELANA DALAM KHITAN Anak KARTUN Karakter/Khitanan/Sunat/Sunatan Sempak,Terjual 60+,4.8,3%,,Rp19.800,Malang
CD/CELANA DALAM/CANCUT/SEMPAK/COLOR ANAK WANITA,Terjual 250+,4.7,,,Rp5.000,Bekasi
"Lupo Boxer Brief Celana Dalam Pria 8833 - Hitam, M",Terjual 90+,4.9,,,Rp18.000,Kab. Bandung
"3 pcs Celana dalam pria cd pria sempak pria bahan bamboo fiber - 3 pcs mix warna, M",Terjual 5,5.0,10%,,Rp41.400,Bandung
"Flyman Boxer Pria Big Size Tencel Celana Dalam Laki Jumbo Ukuran Besar - XXXL, Hijau Tua",Terjual 1 rb+,5.0,48%,,Rp46.700,Jakarta Barat
Agree art.7001 | 1 Box Celana Dalam Pria / CD Sempak Mini Cowok Dewasa,Terjual 80+,5.0,,,Rp35.800,Jakarta Selatan
"Lupo Boxer Brief Celana Dalam Pria 0806 - Biru, M",Terjual 50+,5.0,,,Rp18.000,Kab. Bandung
6 PCS Sempak celana dalam anak cowok - Celana Dalam Sempak anak laki,Terjual 10,5.0,,,Rp13.500,Kab. Bogor
[ 3pcs] Celana Dalem / Sempak Anak Cowo Motif Kartun Katun Size S-M-L,Terjual 5,5.0,,,Rp15.800,Jakarta Barat
Agree Kids AK.018A | 3 Pcs CD Anak / Celana Dalam Sempak Anak Cowok,Terjual 25,5.0,,,Rp26.800,Jakarta Selatan
AGREE KIDS AG200 - 3pcs Sempak / Celana Dalam Anak Laki-Laki Polos,Terjual 30+,4.9,,,Rp27.200,Jakarta Selatan
6Pcs Celana Dalam Anak Laki KEN KEN CD Anak Cowok Sempak Murah,Terjual 8,4.8,,,Rp22.500,Jakarta Pusat
Agree kids AK.014 Celana dalam anak Big size/Sempak [1pak isi 3pcs],Terjual 1,5.0,,,Rp28.000,Tangerang
Cd Celana Dalam Anak Sempak Anak Boxer Anak Laki Laki Cowok DINO Katun,Terjual 20,5.0,,,Rp17.000,Tangerang
Xing Fashion Celana Dalam Wanita Lace Transparan Sexy Sempak Seksi,,,,,Rp91.000,Surabaya
DELTABOX CBR 250 R CBU thailand sempak,Terjual 4,3.5,,,Rp350.000,Tangerang Selatan
Grosir 12 Pcs clana dalam anak cowo - Celana Dalam Sempak anak laki,Terjual 14,5.0,,,Rp25.500,Kab. Bogor
Celana Dalam Boxer Pria || CD Cowok || Boxer Pria || Sempak Cowok,Terjual 100+,4.8,,,Rp11.999,Jakarta Barat
"Lupo Boxer Brief Celana Dalam Pria 8090 - Navy, M",Terjual 29,4.1,,,Rp18.000,Kab. Bandung
"Celana dalam underwear CD Boxer pria size XXL ( size 33-35 ) - Hitam, XXL",Terjual 11,,,,Rp12.000,Bekasi
"Lupo Boxer Brief Celana Dalam Pria 9944 - Navy, M",Terjual 60+,4.9,,,Rp16.000,Kab. Bandung
"GROSIR 12PCS Celana Dalam Pria Lupo CD Seamless Cowok Brief Lusinan - M, 6 Pcs",Terjual 2,5.0,,Cashback 5 rb,Rp78.600,Surakarta
celana dalam anak laki laki 3-4 tahun kancut sempak cowok 1 pcs murah,Terjual 5,,,Grosir,Rp5.999,Tangerang
(6pcs) sempak / celana dalam anak laki laki polos bahan katun / 6 pcs,Terjual 30+,4.9,,,Rp45.000,Palembang
UNIQLO ORI Celana Dalam Boxer / Bukan Boxer Sempak Pria Laki SALE 80%,Terjual 1,5.0,,,Rp109.900,Surabaya
Celana Dalam Sorex Pria Dewasa CD Sempak Cowok Bahan Katun Polos,,,,,Rp76.000,Jakarta Selatan
Sempak anak laki / celana dalam anak laki / cd anak laki size S M L XL,Terjual 250+,4.8,4%,,Rp4.799,Kab. Kediri
Agree Kids Ak.021 | Celana Dalam / CD Sempak Anak Cowok Bahan Katun,Terjual 100+,5.0,,,Rp8.700,Jakarta Selatan
CD Sempak Anak / Celana Dalam Anak Perempuan Sorex Kids NA 403 - 1,Terjual 100+,5.0,,,Rp12.500,Jakarta Selatan
celana khitan celana sunat celana batok sempak sunat,Terjual 10,5.0,,,Rp12.000,Kab. Sukoharjo
Celana Dalam Anak Ryan Club Putih Print M-4L CD Sempak Halus Murah,Terjual 26,5.0,,,Rp53.500,Surabaya
isi 6 celana dalam pria boxer sempak anak anak,Terjual 7,4.7,,,Rp57.300,Jakarta Timur
Agree Kids AG002 | CD Anak Laki-laki / Celana Dalam Sempak Anak Cowok,Terjual 50+,5.0,28%,,Rp8.700,Jakarta Selatan
Rep HG+catcher costum base sempak/connector ANCHOR 3MM 95387 Tamiya,,,,,Rp32.500,Jakarta Barat
Corion 4125 Celana Dalam Anak Laki Karet Pinggang Paha Sempak Anak,Terjual 30+,5.0,,,Rp7.500,Jakarta Barat
CELANA DALAM CD MEREK SOREX 1239 DAN 1257 SEMPAK PALLING MURRAH,,,,Cashback 20 rb,Rp43.900,Surabaya
"Celana Dalam Anak Laki Laki, Sempak Remaja Isi 12 Pcs ( M L XL )",Terjual 2,5.0,,,Rp140.000,Surabaya
Celana Dalam Renang Sempak Segitiga Cowo Pria Corak Garis Ukuran L,Terjual 1,5.0,,,Rp110.000,Jakarta Pusat
12 Pcs Celana Dalam Anak Laki-laki Karakter / Sempak Anak Laki Lusinan,Terjual 250+,4.8,,,Rp35.900,Kab. Bogor
Celana Dalam CD Sempak Anak Cowok Laki Katun Agree Kids AG200KL 1 Box,Terjual 100+,4.9,,,Rp28.300,Jakarta Selatan
Corion 4125 Celana Dalam Anak Laki Karet Pinggang Paha Sempak Anak,Terjual 60+,4.8,,,Rp7.500,Jakarta Barat
Celana Dalam Anak Laki karakter 5-12 th / Pakaian Dalam Anak / sempak,Terjual 30+,4.9,,Grosir,Rp57.000,Surabaya
celana dalam / sempak anak laki laki agree kids isi 3 pcs,Terjual 15,5.0,,,Rp35.000,Palembang
Original Isi 3 Cd Viper Celana Dalam Pria Vpbr05 Sempak Murah,,,,,Rp109.000,Jakarta Barat
Kaos Jadul Iklan Unik 21 - Sempak Firaoen- Shachi -NSA 24s - S-XL,,,,,Rp110.000,Semarang
100% Asli [ 1 Losin ] Cd Zb Man Kerut | Celana Dalam Pria Sempak Karet,,,,,Rp162.000,Jakarta Selatan
Sempak Boxer Pria Seamless CD Celana Dalam Segi4 LUPO Bahan Model fema,,,,,Rp48.155,Jakarta Utara
TERMURAH 1 LUSIN CD ANAK LIBBY VELVET/SEMPAK ANAK /CELANA LIBBY ANAK,Terjual 9,5.0,,,Rp40.900,Jakarta Timur
Sempak Anak laki laki Agree Kids AK 020,Terjual 18,5.0,,Cashback 2%,Rp28.000,Medan
Celana Dalam Anak Laki sempak 3 celana Karakter Kartun,Terjual 40+,4.6,,Grosir,Rp15.000,Jakarta Pusat
Terlaris Celana Dalam Sunat Khitan Batok Kitan Sempak Anak Dewasa,,,,,Rp92.000,Jakarta Selatan
CELANA DALAM PRIA 3903 SEGITIGA SOREX MAN SEMPAK CD SPORT / BOXER 3904,,,,,Rp42.000,Jakarta Utara
cover tangki cbr 150 r 250 r CBU thailand sempak,Terjual 1,5.0,,,Rp400.000,Tangerang Selatan
Terlaris [ 1 Losin ] Cd Zb Man Boxer Jumbo | Celana Dalam Pria Sempak,,,,,Rp182.000,Jakarta Barat
Agree Kids AK23B | 3 Pcs CD Anak Cowok / Celana Dalam Sempak Anak Laki,Terjual 70+,5.0,,,Rp26.800,Jakarta Selatan
Agree Kids CD / Sempak Anak Laki- Laki AG 209 (1pac=3pcs),Terjual 2,5.0,,Cashback 2%,Rp30.000,Medan
3 Pcs CD Sempak Daleman Celana Dalam Boxer Anak Laki Laki Cowok Polos,Terjual 2,4.5,,,Rp16.000,Bandar Lampung
KENKEN | SEMPAK ANAK LAKI LAKI (SETENGAH LUSINAN),Terjual 2,,,,Rp22.900,Jakarta Timur
Terlaris Clana Dalam sunat/Clana dalam kitan/sempak sunat anak,,,,,Rp23.000,Surabaya
Golden Nick | Celana Dalam / CD Sempak Anak Perempuan Katun Lembut Mur,Terjual 2,,,,Rp25.500,Jakarta Utara
Dekker Decker Sempak Pad Pelindung Pengaman Kemaluan Olahraga Beladiri,,,,,Rp755.000,Jakarta Barat
CELANA DALAM KHITAN Anak/Khitanan/Sunat/Sunatan Clana/Sempak/CD/Kolor,Terjual 15,5.0,13%,,Rp13.500,Malang
"Lupo Boxer Brief Celana Dalam Pria 6699 - Abu Tua, M",Terjual 17,5.0,,,Rp16.000,Kab. Bandung
boxer pria primer,,,,,Rp80.000,Kab. Bangkalan
3 PCS CELANA DALAM PRIA DRAGON /CD LAKI LAKI MURAH /SEMPAK COWOK - M,Terjual 11,5.0,,,Rp22.000,Kab. Klaten
"Lupo Boxer Brief Celana Dalam Pria 9955 - Hitam, M",Terjual 1,,,,Rp16.000,Kab. Bandung
GGT Celana Dalam Boxer Pria Polos Underwear Sempak Cowok Kolor Pendek - Biru,Terjual 750+,4.7,16%,,Rp6.780,Kab. Tangerang
